{"t_emit": 0.11, "momentum": 100, "beta": 0.03, "alpha": 0.7, "l_emit": 1, "pz_std": 0.8, "vd_dist": 24, "w1_length": 6.478047916665673, "w1_angle": 48.15828562527895, "w2_length": 4.853591853265241, "w2_angle": 40.531701988205896, "drift_length": 16000, "rf_freq": 0.025, "rf_phase": 128.8869837730719, "rf_length": 5795.221799131141, "rf_grad": 5.642453288171298}