{"t_emit": 0.11, "momentum": 100, "beta": 0.03, "alpha": 1.0, "l_emit": 1, "pz_std": 0.8, "vd_dist": 24, "w1_length": 6.586168071324806, "w1_angle": 51.63073108381964, "w2_length": 5.121344321888323, "w2_angle": 47.185264482177445, "drift_length": 16000, "rf_freq": 0.025, "rf_phase": 0.00010176907997747745, "rf_length": 5692.567713716804, "rf_grad": 5.146752036763713}