{"t_emit": 0.11, "momentum": 100, "beta": 0.03, "alpha": 1, "l_emit": 1, "pz_std": 1, "vd_dist": 24, "w1_length": 7.124571617692709, "w1_angle": 47.25089894235134, "w2_length": 5.138118462672267, "w2_angle": 39.465029037832664, "drift_length": 16000, "rf_freq": 0.025, "rf_phase": 148.71956075922463, "rf_length": 5619.388914718404, "rf_grad": 5.3205845657545545}