{"t_emit": 0.11, "momentum": 100, "beta": 0.03, "alpha": 1.0, "l_emit": 1, "pz_std": 0.8, "vd_dist": 24, "w1_length": 6.60734829348803, "w1_angle": 52.14492904686631, "w2_length": 4.848777306079863, "w2_angle": 50.149723291397095, "drift_length": 16000, "rf_freq": 0.025, "rf_phase": 131.41817209174707, "rf_length": 5772.41333322533, "rf_grad": 5.630217759927936}