{"t_emit": 0.11, "momentum": 100, "beta": 0.03, "alpha": 1.0, "l_emit": 1, "pz_std": 1, "vd_dist": 24, "w1_length": 6.644620132307125, "w1_angle": 51.94858220339799, "w2_length": 5.144498810800727, "w2_angle": 47.9875127824489, "drift_length": 16000, "rf_freq": 0.025, "rf_phase": 0.0005390879576455193, "rf_length": 5539.526371289514, "rf_grad": 4.8681573106029425}