{"t_emit": 0.145, "momentum": 100, "beta": 0.03, "alpha": 0.7, "l_emit": 1, "pz_std": 1, "vd_dist": 24, "w1_length": 7.501906369754579, "w1_angle": 46.538398375036195, "w2_length": 6.06795178364264, "w2_angle": 40.7958152059, "drift_length": 16000, "rf_freq": 0.025, "rf_phase": 0.0002612734499101793, "rf_length": 5589.183462571583, "rf_grad": 5.143547111719555}